{"cameraMode":{"drawMode":0,"name":"Shaded","section":"Shading Mode"},"sceneLighting":false,"audioPlay":false,"sceneViewState":{"showFog":true,"showMaterialUpdate":false,"showSkybox":true,"showFlares":true,"showImageEffects":true,"showParticleSystems":true},"in2DMode":false,"pivot":{"x":0.19999998807907105,"y":0.6000000238418579,"z":0.0},"rotation":{"x":-0.1988353431224823,"y":0.7145021557807922,"z":-0.22479386627674104,"w":-0.6319959759712219},"size":3.0602939128875734,"orthographic":false}